0.0215011385335874,0.75,1485,3315
0.0214287015144164,0.75,1481,3319
0.0199052439124698,0.75,1391,3409
0.0195364992474822,0.75,1309,3491
0.0196258927681913,0.75,1260,3540
0.0195435406238025,0.75,1221,3579
0.0219400438924686,0.75,1334,3466
0.0218396251160793,0.75,1403,3397
0.0207236296061675,0.75,1386,3414
0.0218844768927189,0.75,1441,3359
0.0201265089329963,0.75,1377,3423
0.0201730137792758,0.75,1336,3464
0.0194798915319216,0.75,1269,3531
0.0195082974791587,0.75,1226,3574
0.0197336315588505,0.75,1210,3590
0.0196224694704628,0.75,1192,3608
0.0197455605595561,0.75,1188,3612
0.0209860270270924,0.75,1257,3543
0.0214314813583519,0.75,1329,3471
0.0227775828541955,0.75,1453,3347
0.0234303153124992,0.75,1573,3227
0.0217412622045252,0.75,1558,3242
0.0201365402498074,0.75,1456,3344
0.0192864579863843,0.75,1339,3461
0.0194393474909176,0.75,1269,3531
0.0195095586141663,0.75,1225,3575
0.0191917293622637,0.75,1178,3622
0.0203103669845876,0.75,1211,3589
0.0195596188404174,0.75,1190,3610
0.0210472445995704,0.75,1262,3538
0.0216631693862002,0.75,1345,3455
0.0221566491591656,0.75,1429,3371
0.0222198023017311,0.75,1488,3312
0.0220495503735244,0.75,1518,3282
0.0204605788216669,0.75,1448,3352
0.0193906252297633,0.75,1339,3461
0.0193157331812448,0.75,1262,3538
0.0192688783196474,0.75,1207,3593
0.0194238511102087,0.75,1179,3621
0.0190568362152115,0.75,1139,3661
0.0191959432019804,0.75,1120,3680
0.0194975371840523,0.75,1125,3675
0.0194459547082096,0.75,1125,3675
0.0197982005971977,0.75,1146,3654
0.0194835478155296,0.75,1142,3658
0.0194551141402926,0.75,1137,3663
0.0194514701240746,0.75,1134,3666
0.0198113758308384,0.75,1153,3647
0.0210419333169808,0.75,1237,3563
0.0208374382269551,0.75,1281,3519
0.0202532731750737,0.75,1277,3523
0.0193652130225632,0.75,1222,3578
0.0193286873344817,0.75,1184,3616
0.0192651545791943,0.75,1154,3646
0.0196723706846202,0.75,1158,3642
0.0211725850169654,0.75,1248,3552
0.0212700028485278,0.75,1313,3487
0.0208747468030361,0.75,1334,3466
0.0205431830207262,0.75,1329,3471
0.0193130147419652,0.75,1255,3545
0.0195216491667314,0.75,1217,3583
0.0193750205899304,0.75,1183,3617
0.0195703674121735,0.75,1171,3629
0.0192642370166972,0.75,1146,3654
0.0191435107158451,0.75,1122,3678
0.0192185435710474,0.75,1110,3690
0.0194705211828981,0.75,1117,3683
0.0221682720136647,0.75,1278,3522
0.0218421370391812,0.75,1366,3434
0.0214640992122409,0.75,1403,3397
0.0206198579375366,0.75,1380,3420
0.0193784593385910,0.75,1293,3507
0.0195034074159984,0.75,1241,3559
0.0193497369245193,0.75,1198,3602
0.0191655145377937,0.75,1158,3642
0.0193799351795054,0.75,1144,3656
0.0191318998076182,0.75,1119,3681
0.0192261262930278,0.75,1109,3691
0.0195864253308900,0.75,1123,3677
0.0198817150272548,0.75,1149,3651
0.0214620322334227,0.75,1259,3541
0.0216763859886601,0.75,1344,3456
0.0215278385454668,0.75,1392,3408
0.0195468631327514,0.75,1311,3489
0.0193514938176043,0.75,1245,3555
0.0191267287123786,0.75,1187,3613
0.0192904080985946,0.75,1158,3642
0.0193001906496925,0.75,1139,3661
0.0193124666896505,0.75,1127,3673
0.0194871953819989,0.75,1129,3671
0.0198436396125686,0.75,1151,3649
0.0196983587774975,0.75,1158,3642
0.0197192294361089,0.75,1163,3637
0.0194111283651885,0.75,1149,3651
0.0197157253915445,0.75,1157,3643
0.0195011062778456,0.75,1150,3650
0.0196178273521196,0.75,1152,3648
0.0197327141756619,0.75,1160,3640
0.0196891870343932,0.75,1163,3637
0.0196214837686766,0.75,1161,3639
0.0193252211549321,0.75,1143,3657
0.0193295515311791,0.75,1130,3670
0.0194501217775394,0.75,1129,3671
0.0198336485055457,0.75,1151,3649
0.0210224692175974,0.75,1234,3566
0.0210288285544077,0.75,1290,3510
0.0209304492810461,0.75,1322,3478
0.0203266743432584,0.75,1308,3492
0.0194432391624599,0.75,1248,3552
0.0194332390200494,0.75,1207,3593
0.0195033432208159,0.75,1184,3616
0.0193470705167304,0.75,1159,3641
0.0194539357207290,0.75,1149,3651
0.0191299188084733,0.75,1123,3677
0.0196486525044804,0.75,1136,3664
0.0198605066701959,0.75,1157,3643
0.0217204003511302,0.75,1279,3521
0.0223726721754489,0.75,1397,3403
0.0219118093452525,0.75,1449,3351
0.0199613660794965,0.75,1373,3427
0.0201145927225900,0.75,1331,3469
0.0195216052319808,0.75,1268,3532
0.0193695192617955,0.75,1217,3583
0.0194346624176490,0.75,1186,3614
0.0193532007151749,0.75,1161,3639
0.0191957413200288,0.75,1135,3665
0.0191429381145864,0.75,1114,3686
0.0195790699367698,0.75,1126,3674
0.0210156152427077,0.75,1217,3583
0.0220868498872183,0.75,1340,3460
0.0219470354653068,0.75,1413,3387
0.0213564166549223,0.75,1429,3371
0.0193955803880986,0.75,1327,3473
0.0192937701960976,0.75,1252,3548
0.0191057840053654,0.75,1191,3609
0.0193132295324771,0.75,1162,3638
0.0192880983223099,0.75,1141,3659
0.0192619838991931,0.75,1125,3675
0.0194092332448300,0.75,1123,3677
0.0194263218312975,0.75,1123,3677
0.0198675322079916,0.75,1149,3651
0.0195141601525711,0.75,1145,3655
0.0195892066895043,0.75,1147,3653
0.0197921668578366,0.75,1160,3640
0.0197242469600371,0.75,1165,3635
0.0197628967261579,0.75,1171,3629
0.0210001278555753,0.75,1246,3554
0.0196562584529475,0.75,1219,3581
0.0196334850331966,0.75,1199,3601
0.0192173580381787,0.75,1162,3638
0.0195853884059985,0.75,1158,3642
0.0193332047505752,0.75,1141,3659
0.0197828531669854,0.75,1156,3644
0.0210298848952740,0.75,1238,3562
0.0215255541697979,0.75,1321,3479
0.0203022058834096,0.75,1307,3493
0.0204433607085477,0.75,1305,3495
0.0196001804452303,0.75,1255,3545
0.0194762147063391,0.75,1214,3586
0.0194442832379517,0.75,1185,3615
0.0194946108512865,0.75,1169,3631
0.0194085042283876,0.75,1152,3648
0.0191434435247702,0.75,1126,3674
0.0195678978683619,0.75,1133,3667
0.0195270483089740,0.75,1136,3664
0.0214825365285530,0.75,1251,3549
0.0218590098119877,0.75,1349,3451
0.0210101523598903,0.75,1366,3434
0.0210072267380000,0.75,1377,3423
0.0194688179437049,0.75,1296,3504
0.0193884190597144,0.75,1237,3563
0.0195250673559670,0.75,1205,3595
0.0193819153661565,0.75,1175,3625
0.0191781787179923,0.75,1143,3657
0.0189610984485956,0.75,1109,3691
0.0191790757562451,0.75,1099,3701
0.0195089769615670,0.75,1112,3688
0.0214029824383438,0.75,1230,3570
0.0215011330486963,0.75,1315,3485
0.0213343267605360,0.75,1362,3438
0.0205624269220359,0.75,1349,3451
0.0194500222960489,0.75,1276,3524
0.0195252263516518,0.75,1231,3569
0.0191403870558008,0.75,1179,3621
0.0193134548618675,0.75,1154,3646
0.0195458153640220,0.75,1150,3650
0.0191015829176695,0.75,1122,3678
0.0192919582312194,0.75,1115,3685
0.0193104613720204,0.75,1110,3690
0.0196282007143947,0.75,1126,3674
0.0194608375369615,0.75,1127,3673
0.0199338972623358,0.75,1155,3645
0.0198166809920380,0.75,1167,3633
0.0196965191169870,0.75,1168,3632
0.0196529485087388,0.75,1166,3634
0.0197439724413460,0.75,1170,3630
0.0194073104623611,0.75,1154,3646
0.0193663596748929,0.75,1140,3660
0.0191845905178720,0.75,1120,3680
0.0193032833860367,0.75,1114,3686
0.0194374589014324,0.75,1117,3683
0.0197254300240700,0.75,1137,3663
0.0198129939719660,0.75,1154,3646
0.0209617051981533,0.75,1233,3567
0.0206926823391668,0.75,1270,3530
0.0197259881354810,0.75,1239,3561
0.0197002280621216,0.75,1217,3583
0.0205282961040752,0.75,1250,3550
0.0193825738917664,0.75,1205,3595
0.0194524158040344,0.75,1180,3620
0.0191684380994272,0.75,1146,3654
0.0196605081904596,0.75,1152,3648
0.0193355497113283,0.75,1137,3663
0.0206323848337248,0.75,1202,3598
0.0203591753612492,0.75,1230,3570
0.0206955334714797,0.75,1268,3532
0.0206627512978577,0.75,1292,3508
0.0207579227654896,0.75,1313,3487
0.0196409954382903,0.75,1263,3537
0.0195453314209389,0.75,1224,3576
0.0195435993925724,0.75,1197,3603
0.0191360914705319,0.75,1156,3644
0.0192488306961184,0.75,1134,3666
0.0190716218973758,0.75,1110,3690
0.0191465538712760,0.75,1098,3702
0.0191866327583563,0.75,1092,3708
0.0211380241079535,0.75,1202,3598
0.0213872280250072,0.75,1289,3511
0.0211643116238674,0.75,1335,3465
0.0206505375044963,0.75,1336,3464
0.0192719123064409,0.75,1257,3543
0.0196873961779369,0.75,1228,3572
0.0191039112534495,0.75,1174,3626
0.0194699295766410,0.75,1160,3640
0.0191251824012121,0.75,1130,3670
0.0190852399995222,0.75,1108,3692
0.0191330204176500,0.75,1095,3705
0.0197052375608844,0.75,1121,3679
0.0190531896969708,0.75,1100,3700
0.0197072268725643,0.75,1124,3676
0.0198323235471214,0.75,1147,3653
0.0197660655070621,0.75,1159,3641
0.0196653770429079,0.75,1161,3639
0.0194826195808284,0.75,1151,3649
0.0195322081273204,0.75,1148,3652
0.0196296412476971,0.75,1152,3648
0.0194623638172361,0.75,1144,3656
0.0192635096818401,0.75,1128,3672
0.0193131986219259,0.75,1119,3681
0.0192140505455874,0.75,1108,3692
0.0197545015720950,0.75,1132,3668
0.0210521401446515,0.75,1223,3577
0.0210095443975401,0.75,1282,3518
0.0202074979897118,0.75,1275,3525
0.0206110888113852,0.75,1293,3507
0.0194902639073909,0.75,1241,3559
0.0195174559191924,0.75,1207,3593
0.0195496855614468,0.75,1187,3613
0.0193236252405080,0.75,1160,3640
0.0192523597657920,0.75,1137,3663
0.0190318122760412,0.75,1109,3691
0.0192346263770342,0.75,1103,3697
0.0210456626755690,0.75,1203,3597
0.0210140668279914,0.75,1269,3531
0.0214279032230681,0.75,1336,3464
0.0206331939004382,0.75,1336,3464
0.0199081348237956,0.75,1294,3506
0.0193423060619505,0.75,1233,3567
0.0194408023526940,0.75,1197,3603
0.0193008823148639,0.75,1165,3635
0.0192489357539669,0.75,1141,3659
0.0189365250155585,0.75,1106,3694
0.0189694231834981,0.75,1085,3715
0.0195433321980818,0.75,1104,3696
0.0190418171649080,0.75,1088,3712
0.0209956646105965,0.75,1191,3609
0.0207451910797782,0.75,1245,3555
0.0209845246698216,0.75,1295,3505
0.0195765055317955,0.75,1247,3553
0.0197607692012402,0.75,1225,3575
0.0195643648922082,0.75,1200,3600
0.0192637729417651,0.75,1165,3635
0.0196457434959947,0.75,1164,3636
0.0194990155510632,0.75,1154,3646
0.0194802722775361,0.75,1147,3653
0.0194911525234777,0.75,1143,3657
0.0195717824423578,0.75,1145,3655
0.0197744490143704,0.75,1158,3642
0.0196878870679843,0.75,1161,3639
0.0195290516485819,0.75,1155,3645
0.0197964271757336,0.75,1166,3634
0.0193734255341169,0.75,1148,3652
0.0196371376873639,0.75,1152,3648
0.0194064789562700,0.75,1141,3659
0.0194941309761210,0.75,1139,3661
0.0192383763228877,0.75,1123,3677
0.0194122500547065,0.75,1122,3678
0.0194591750174602,0.75,1124,3676
0.0193904270969967,0.75,1121,3679
0.0200202643939523,0.75,1156,3644
0.0212124257201868,0.75,1249,3551
0.0209827404416936,0.75,1297,3503
0.0206467307186237,0.75,1310,3490
0.0193863679277716,0.75,1246,3554
0.0197300015509599,0.75,1223,3577
0.0193609567475385,0.75,1186,3614
0.0194274451868939,0.75,1165,3635
0.0191622781804552,0.75,1136,3664
0.0191625518718710,0.75,1116,3684
0.0189848252537550,0.75,1092,3708
0.0194335759017022,0.75,1103,3697
0.0195866240936985,0.75,1119,3681
0.0209618406333939,0.75,1209,3591
0.0211511119250386,0.75,1281,3519
0.0208206160653190,0.75,1309,3491
0.0205297096575087,0.75,1312,3488
0.0197144633115469,0.75,1266,3534
0.0195498171970569,0.75,1226,3574
0.0203314427373062,0.75,1245,3555
0.0192397565137462,0.75,1194,3606
0.0191331169215841,0.75,1153,3647
0.0188769751862371,0.75,1111,3689
0.0191639705254063,0.75,1100,3700
0.0211371998742535,0.75,1207,3593
0.0213100956838175,0.75,1288,3512
0.0208598682535167,0.75,1317,3483
0.0206597850716276,0.75,1324,3476
0.0201613713177177,0.75,1300,3500
0.0194875530339684,0.75,1245,3555
0.0193399603052283,0.75,1200,3600
0.0193630672020277,0.75,1171,3629
0.0192443363181942,0.75,1144,3656
0.0187864821355103,0.75,1100,3700
0.0188562571682959,0.75,1074,3726
0.0190269537250649,0.75,1067,3733
0.0194810386854545,0.75,1088,3712
0.0196980178782269,0.75,1116,3684
0.0196863208019567,0.75,1133,3667
0.0194615006639711,0.75,1132,3668
0.0196598937309970,0.75,1142,3658
0.0199660555412203,0.75,1167,3633
0.0206828122265915,0.75,1226,3574
0.0195768452338740,0.75,1200,3600
0.0192963004021823,0.75,1167,3633
0.0192092177041163,0.75,1140,3660
0.0190947583817076,0.75,1115,3685
0.0192996770017103,0.75,1110,3690
0.0196009099015125,0.75,1124,3676
0.0208074920968583,0.75,1204,3596
0.0206897827608665,0.75,1251,3549
0.0207313639231985,0.75,1284,3516
0.0203009302847170,0.75,1282,3518
0.0194313578667480,0.75,1230,3570
0.0196052369013984,0.75,1205,3595
0.0193363769334907,0.75,1172,3628
0.0193032349836147,0.75,1149,3651
0.0191374344622826,0.75,1123,3677
0.0189635788704237,0.75,1096,3704
0.0196954403155702,0.75,1121,3679
0.0193210052773898,0.75,1115,3685
0.0210775846289780,0.75,1214,3586
0.0209233703614758,0.75,1270,3530
0.0207933492564361,0.75,1301,3499
0.0206115770021066,0.75,1311,3489
0.0203536391666053,0.75,1302,3498
0.0195198755377688,0.75,1249,3551
0.0195642971920008,0.75,1215,3585
0.0193080002961065,0.75,1178,3622
0.0191408670300493,0.75,1143,3657
0.0187425932618531,0.75,1096,3704
0.0196107590254709,0.75,1116,3684
0.0193303733679746,0.75,1112,3688
0.0209724003064086,0.75,1206,3594
0.0211356556916588,0.75,1277,3523
0.0210439554962448,0.75,1320,3480
0.0205941661697493,0.75,1323,3477
0.0193420548655621,0.75,1252,3548
0.0193305441208154,0.75,1204,3596
0.0192694534089249,0.75,1168,3632
0.0196037131011777,0.75,1163,3637
0.0192021238982043,0.75,1137,3663
0.0191273972679392,0.75,1115,3685
0.0193214651421396,0.75,1111,3689
0.0193279394489611,0.75,1109,3691
0.0195582025261869,0.75,1121,3679
0.0197327878739045,0.75,1140,3660
0.0198230811462975,0.75,1157,3643
0.0195760533980617,0.75,1155,3645
0.0195198631560876,0.75,1149,3651
0.0195279947564781,0.75,1147,3653
0.0194888799090300,0.75,1142,3658
0.0196496997323995,0.75,1149,3651
0.0194123269727885,0.75,1139,3661
0.0195875197054371,0.75,1143,3657
0.0194077031760919,0.75,1135,3665
0.0194943780736895,0.75,1135,3665
0.0196112920993212,0.75,1142,3658
0.0208526502194583,0.75,1218,3582
0.0198466138443637,0.75,1211,3589
0.0207655487317818,0.75,1260,3540
0.0208292700407279,0.75,1296,3504
0.0194425914726318,0.75,1240,3560
0.0193399394688984,0.75,1196,3604
0.0192274780618104,0.75,1160,3640
0.0193408551620140,0.75,1143,3657
0.0192910925429061,0.75,1128,3672
0.0190906903351663,0.75,1107,3693
0.0194595069358920,0.75,1114,3686
0.0193977510413369,0.75,1115,3685
0.0210139695733106,0.75,1210,3590
0.0212595922512493,0.75,1287,3513
0.0208352864145217,0.75,1315,3485
0.0199981933484228,0.75,1285,3515
0.0196699062730963,0.75,1245,3555
0.0200225354533559,0.75,1240,3560
0.0197925404850209,0.75,1222,3578
0.0192700505386691,0.75,1180,3620
0.0192275127274536,0.75,1150,3650
0.0188912172494406,0.75,1110,3690
0.0191728116581424,0.75,1099,3701
0.0194839880010590,0.75,1110,3690
0.0207779130229545,0.75,1193,3607
0.0208431345281444,0.75,1252,3548
0.0208953795986790,0.75,1294,3506
0.0202358106767374,0.75,1285,3515
0.0193244677595688,0.75,1226,3574
0.0195443003217164,0.75,1199,3601
0.0195234172273151,0.75,1179,3621
0.0192667025213349,0.75,1151,3649
0.0194813433787548,0.75,1145,3655
0.0189733878870410,0.75,1111,3689
0.0190319185463518,0.75,1092,3708
0.0191983164545111,0.75,1089,3711
0.0200634087819098,0.75,1137,3663
0.0195939291997526,0.75,1142,3658
0.0197432370102796,0.75,1154,3646
0.0194578997250240,0.75,1146,3654
0.0195651219422642,0.75,1146,3654
0.0195394155847604,0.75,1145,3655
0.0195609563384373,0.75,1145,3655
0.0194757661071512,0.75,1141,3659
0.0192011890333975,0.75,1122,3678
0.0194104630049016,0.75,1121,3679
0.0194572980855661,0.75,1123,3677
0.0194376432963766,0.75,1124,3676
0.0196582504415074,0.75,1137,3663
0.0207315699596450,0.75,1208,3592
0.0198017126035143,0.75,1202,3598
0.0207158444615611,0.75,1251,3549
0.0209768152159442,0.75,1298,3502
0.0196804514400947,0.75,1255,3545
0.0194990495466986,0.75,1216,3584
0.0194565461422246,0.75,1187,3613
0.0193805808395097,0.75,1163,3637
0.0192156474396810,0.75,1137,3663
0.0195005712570120,0.75,1137,3663
0.0196033647436627,0.75,1143,3657
0.0192836532269311,0.75,1128,3672
0.0209519463478704,0.75,1215,3585
0.0209535846068612,0.75,1273,3527
0.0211721053159775,0.75,1324,3476
0.0200088681589975,0.75,1292,3508
0.0194585924082084,0.75,1238,3562
0.0199945190598076,0.75,1233,3567
0.0191536783909684,0.75,1181,3619
0.0193404804055442,0.75,1157,3643
0.0194071288855533,0.75,1144,3656
0.0188764790715900,0.75,1105,3695
0.0188344505497423,0.75,1076,3724
0.0204928572923685,0.75,1154,3646
0.0208706111929253,0.75,1227,3573
0.0205855905001921,0.75,1260,3540
0.0205260560734711,0.75,1279,3521
0.0205228048237275,0.75,1291,3509
0.0194149106168116,0.75,1235,3565
0.0194310933164320,0.75,1198,3602
0.0195069605128557,0.75,1178,3622
0.0193589387526692,0.75,1156,3644
0.0195232647951860,0.75,1151,3649
0.0188416769661474,0.75,1107,3693
0.0190799754587272,0.75,1092,3708
0.0194118589455082,0.75,1101,3699
0.0192494975448404,0.75,1098,3702
0.0196841670565907,0.75,1121,3679
0.0195729124217601,0.75,1130,3670
0.0197488624085732,0.75,1147,3653
0.0195364323171210,0.75,1145,3655
0.0201809669979016,0.75,1182,3618
0.0197082652231298,0.75,1179,3621
0.0194496216230884,0.75,1161,3639
0.0192318273732010,0.75,1137,3663
0.0191135092659258,0.75,1114,3686
0.0196074034832100,0.75,1128,3672
0.0197472472956330,0.75,1145,3655
0.0195982860369360,0.75,1147,3653
0.0208500201439079,0.75,1222,3578
0.0209708261118295,0.75,1279,3521
0.0207007572208316,0.75,1301,3499
0.0206996235440482,0.75,1316,3484
0.0194964057709419,0.75,1257,3543
0.0194288994950967,0.75,1213,3587
0.0193111886694238,0.75,1176,3624
0.0195412730613923,0.75,1165,3635
0.0195330978502694,0.75,1157,3643
0.0190583025588632,0.75,1124,3676
0.0193948470303643,0.75,1122,3678
0.0193160281254609,0.75,1116,3684
0.0206571655192319,0.75,1190,3610
0.0203655156711388,0.75,1222,3578
0.0199120638106770,0.75,1218,3582
0.0198139082611624,0.75,1209,3591
0.0202434037703710,0.75,1228,3572
0.0200788611422521,0.75,1231,3569
0.0192772520554526,0.75,1187,3613
0.0200755909467785,0.75,1203,3597
0.0193225126724342,0.75,1171,3629
0.0193663473094783,0.75,1151,3649
0.0190904678490395,0.75,1122,3678
0.0193644217790034,0.75,1119,3681
0.0197900529086263,0.75,1141,3659
0.0205321876830496,0.75,1199,3601
0.0207175934220126,0.75,1249,3551
0.0201168753621204,0.75,1247,3553
0.0206279532239210,0.75,1276,3524
0.0206808155949511,0.75,1298,3502
0.0197493307233644,0.75,1259,3541
0.0203735328184334,0.75,1269,3531
0.0192648112646468,0.75,1212,3588
0.0191823073113500,0.75,1168,3632
0.0192985976524896,0.75,1146,3654
0.0191387287200565,0.75,1121,3679
0.0197996219711156,0.75,1143,3657
0.0199559113157530,0.75,1167,3633
0.0205438634643180,0.75,1218,3582
0.0196466254819946,0.75,1199,3601
0.0206853913442001,0.75,1247,3553
0.0194858695035504,0.75,1210,3590
0.0193957884391708,0.75,1179,3621
0.0193095809904059,0.75,1154,3646
0.0192272576621657,0.75,1132,3668
0.0192549100621514,0.75,1119,3681
0.0195199443548986,0.75,1126,3674
0.0193059575561989,0.75,1118,3682
0.0196347485278714,0.75,1131,3669
0.0199681721914872,0.75,1160,3640
0.0198359776025917,0.75,1172,3628
0.0198229228559670,0.75,1179,3621
0.0205123569024257,0.75,1223,3577
0.0208495784533096,0.75,1273,3527
0.0207080468417731,0.75,1297,3503
0.0199694083789342,0.75,1271,3529
0.0193873286573689,0.75,1220,3580
0.0192211009587256,0.75,1176,3624
0.0195709307319447,0.75,1167,3633
0.0193838009478077,0.75,1150,3650
0.0196313891954539,0.75,1153,3647
0.0198089491491443,0.75,1165,3635
0.0205958793705142,0.75,1219,3581
0.0207325239190110,0.75,1263,3537
0.0206313349234248,0.75,1287,3513
0.0208291915303211,0.75,1314,3486
0.0201248228676437,0.75,1291,3509
0.0206310440777297,0.75,1305,3495
0.0193743054625070,0.75,1242,3558
0.0191951123292724,0.75,1190,3610
0.0192919633287988,0.75,1160,3640
0.0193989710737413,0.75,1146,3654
0.0197100122515533,0.75,1155,3645
0.0209248595416737,0.75,1231,3569
0.0209916424502908,0.75,1286,3514
0.0201437497197614,0.75,1274,3526
0.0204861565877156,0.75,1285,3515
0.0194646456123634,0.75,1234,3566
0.0196632770883398,0.75,1211,3589
0.0199100926042072,0.75,1210,3590
0.0192980039855816,0.75,1174,3626
0.0191791900026238,0.75,1143,3657
0.0189970633925768,0.75,1111,3689
0.0190215928085366,0.75,1091,3709
0.0194645484981606,0.75,1104,3696
0.0197800856585482,0.75,1131,3669
0.0198845585396443,0.75,1155,3645
0.0197456312424566,0.75,1163,3637
0.0204924279013195,0.75,1212,3588
0.0193882360991827,0.75,1180,3620
0.0192028253204946,0.75,1148,3652
0.0195976786347292,0.75,1150,3650
0.0193311396883159,0.75,1135,3665
0.0191793590933398,0.75,1117,3683
0.0193242996737040,0.75,1113,3687
0.0195204801044267,0.75,1121,3679
0.0195290372346899,0.75,1128,3672
0.0197163726855127,0.75,1143,3657
0.0210041049412622,0.75,1228,3572
0.0195632171177401,0.75,1201,3599
0.0208430113094353,0.75,1258,3542
0.0201121154066148,0.75,1253,3547
0.0207696051162058,0.75,1288,3512
0.0195982948803043,0.75,1243,3557
0.0208046088435417,0.75,1283,3517
0.0191594189564605,0.75,1215,3585
0.0191979939322156,0.75,1171,3629
0.0188465239599238,0.75,1121,3679
0.0194889195595444,0.75,1126,3674
0.0192111434373520,0.75,1112,3688
0.0201065816630012,0.75,1155,3645
0.0205720425836560,0.75,1211,3589
0.0198083041249533,0.75,1204,3596
0.0206921536956374,0.75,1251,3549
0.0197665692619907,0.75,1228,3572
0.0201095992848393,0.75,1233,3567
0.0205922145451933,0.75,1264,3536
0.0202150712998532,0.75,1263,3537
0.0191192944971915,0.75,1199,3601
0.0191516467598251,0.75,1158,3642
0.0193188507314902,0.75,1140,3660
0.0196009551806038,0.75,1145,3655
0.0207707688281827,0.75,1215,3585
0.0197440249911287,0.75,1203,3597
0.0197684212746422,0.75,1197,3603
0.0204747830334145,0.75,1233,3567
0.0207590248196275,0.75,1274,3526
0.0195139368907477,0.75,1229,3571
0.0193431381753706,0.75,1189,3611
0.0192842899871613,0.75,1159,3641
0.0191206924947503,0.75,1129,3671
0.0189921746372103,0.75,1102,3698
0.0193151830304167,0.75,1102,3698
0.0194779141488757,0.75,1112,3688
0.0197463331067055,0.75,1134,3666
0.0199133084699847,0.75,1159,3641
0.0195404135420831,0.75,1153,3647
0.0201639553335518,0.75,1186,3614
0.0194509148383453,0.75,1167,3633
0.0196373293243558,0.75,1164,3636
0.0191466234161826,0.75,1134,3666
0.0192297103829082,0.75,1119,3681
0.0191581903326086,0.75,1105,3695
0.0193150108135421,0.75,1104,3696
0.0194684129821742,0.75,1113,3687
0.0195999016110837,0.75,1126,3674
0.0199680206444747,0.75,1157,3643
0.0198686510705091,0.75,1171,3629
0.0203978016257842,0.75,1212,3588
0.0205500576923047,0.75,1247,3553
0.0195596382224649,0.75,1214,3586
0.0205697692053640,0.75,1250,3550
0.0195251066696005,0.75,1214,3586
0.0191034377062862,0.75,1165,3635
0.0191909284538987,0.75,1137,3663
0.0190574740769966,0.75,1111,3689
0.0191072590412892,0.75,1096,3704
0.0191102127724304,0.75,1086,3714
0.0198769948430513,0.75,1125,3675
0.0207760106717289,0.75,1203,3597
0.0206794270354864,0.75,1249,3551
0.0202990122113609,0.75,1258,3542
0.0207563104319254,0.75,1290,3510
0.0201323464753038,0.75,1276,3524
0.0195442792811862,0.75,1232,3568
0.0202350850525042,0.75,1243,3557
0.0192496472113711,0.75,1193,3607
0.0191250301437649,0.75,1152,3648
0.0189623832723836,0.75,1116,3684
0.0192194468068846,0.75,1106,3694
0.0205634898100893,0.75,1178,3622
0.0209662700813634,0.75,1249,3551
0.0209907313583887,0.75,1298,3502
0.0205367883488383,0.75,1304,3496
0.0195920286741660,0.75,1254,3546
0.0196215259794901,0.75,1222,3578
0.0194786982729248,0.75,1193,3607
0.0193327269844119,0.75,1164,3636
0.0192835095728958,0.75,1142,3658
0.0194034748775325,0.75,1134,3666
0.0193186275119484,0.75,1124,3676
0.0193437968403428,0.75,1119,3681
0.0194015089758195,0.75,1119,3681
0.0196688511961387,0.75,1134,3666
0.0196124642726293,0.75,1141,3659
0.0197246281595705,0.75,1152,3648
0.0206832255374677,0.75,1216,3584
0.0195249347362912,0.75,1191,3609
0.0195489656924352,0.75,1175,3625
0.0192990497418023,0.75,1151,3649
0.0193297900269400,0.75,1136,3664
0.0194680373496167,0.75,1134,3666
0.0192532671547033,0.75,1120,3680
0.0193423919523696,0.75,1116,3684
0.0195187369880610,0.75,1124,3676
0.0196469856504943,0.75,1136,3664
0.0198751487682759,0.75,1158,3642
0.0206485520912155,0.75,1217,3583
0.0207134365461370,0.75,1261,3539
0.0196150387182095,0.75,1226,3574
0.0203516230919870,0.75,1246,3554
0.0199568049042517,0.75,1236,3564
0.0193990602994571,0.75,1197,3603
0.0195198017063873,0.75,1178,3622
0.0191961692363162,0.75,1146,3654
0.0193231467326325,0.75,1133,3667
0.0194790727995468,0.75,1132,3668
0.0205933030072593,0.75,1197,3603
0.0208223297479973,0.75,1254,3546
0.0197460503937416,0.75,1229,3571
0.0206772944135487,0.75,1266,3534
0.0196113542286778,0.75,1230,3570
0.0195862217799183,0.75,1204,3596
0.0209516548213651,0.75,1266,3534
0.0203498650051174,0.75,1272,3528
0.0192103350129092,0.75,1210,3590
0.0191869694651088,0.75,1168,3632
0.0191428624076107,0.75,1136,3664
0.0194351721514988,0.75,1132,3668
0.0189572937582789,0.75,1102,3698
0.0210098204375613,0.75,1201,3599
0.0201840684963522,0.75,1219,3581
0.0204650187314648,0.75,1248,3552
0.0205665913838870,0.75,1272,3528
0.0201676903372494,0.75,1266,3534
0.0194693055835589,0.75,1221,3579
0.0195074491642874,0.75,1194,3606
0.0194569932548658,0.75,1172,3628
0.0191820179561478,0.75,1141,3659
0.0190139905898802,0.75,1111,3689
0.0192186555093398,0.75,1103,3697
0.0191763866065114,0.75,1095,3705
0.0198188443596360,0.75,1127,3673
0.0196136723093549,0.75,1136,3664
0.0196501095916200,0.75,1145,3655
0.0196120878527278,0.75,1148,3652
0.0193324648684368,0.75,1134,3666
0.0194052738434293,0.75,1129,3671
0.0195700080572433,0.75,1135,3665
0.0193500427249529,0.75,1127,3673
0.0195822355873291,0.75,1135,3665
0.0193125768234612,0.75,1124,3676
0.0192083879206789,0.75,1111,3689
0.0195082249287220,0.75,1119,3681
0.0196766138154616,0.75,1135,3665
0.0207598690967449,0.75,1209,3591
0.0211316835526758,0.75,1279,3521
0.0210204935113246,0.75,1320,3480
0.0194528696715264,0.75,1257,3543
0.0196305976894044,0.75,1224,3576
0.0196029974522801,0.75,1201,3599
0.0194104299906191,0.75,1174,3626
0.0192908477348427,0.75,1149,3651
0.0194373888982282,0.75,1141,3659
0.0192877040196499,0.75,1127,3673
0.0193351760029478,0.75,1120,3680
0.0198779712994553,0.75,1147,3653
0.0210990752002125,0.75,1236,3564
0.0209834050382271,0.75,1289,3511
0.0209952482220400,0.75,1325,3475
0.0205405549815357,0.75,1323,3477
0.0193756154910448,0.75,1254,3546
0.0195589543520994,0.75,1219,3581
0.0193304538978941,0.75,1181,3619
0.0193092971452933,0.75,1155,3645
0.0192099053163079,0.75,1132,3668
0.0191018711683446,0.75,1110,3690
0.0193249057604748,0.75,1108,3692
0.0193305747937066,0.75,1107,3693
0.0211738845927655,0.75,1214,3586
0.0211519738894765,0.75,1284,3516
0.0209613119504628,0.75,1320,3480
0.0205466730915651,0.75,1320,3480
0.0196158486957699,0.75,1266,3534
0.0195849781108306,0.75,1228,3572
0.0195324643156523,0.75,1199,3601
0.0193843413786870,0.75,1172,3628
0.0191489150413545,0.75,1139,3661
0.0189870851689023,0.75,1108,3692
0.0190832686638224,0.75,1093,3707
0.0191388145652749,0.75,1086,3714
0.0196588619830053,0.75,1112,3688
0.0197912648253047,0.75,1137,3663
0.0197531024305380,0.75,1151,3649
0.0198960445086967,0.75,1169,3631
0.0195405958906417,0.75,1160,3640
0.0196771627580449,0.75,1163,3637
0.0196005074414986,0.75,1160,3640
0.0194524325637594,0.75,1149,3651
0.0192939533476964,0.75,1133,3667
0.0192729674418253,0.75,1120,3680
0.0193086645760151,0.75,1114,3686
0.0192732189831854,0.75,1108,3692
0.0198627773040118,0.75,1138,3662
0.0210451235701874,0.75,1227,3573
0.0208318929632920,0.75,1274,3526
0.0207304023707353,0.75,1300,3500
0.0204486163296955,0.75,1301,3499
0.0194854767341065,0.75,1246,3554
0.0195419657531329,0.75,1212,3588
0.0198443761316629,0.75,1207,3593
0.0192829519239791,0.75,1171,3629
0.0191929042646868,0.75,1141,3659
0.0193163543061593,0.75,1129,3671
0.0193523590375700,0.75,1122,3678
0.0192869917775456,0.75,1114,3686
0.0200496855927790,0.75,1153,3647
0.0209004175726677,0.75,1229,3571
0.0210310445715993,0.75,1287,3513
0.0204851752023988,0.75,1294,3506
0.0200449594870962,0.75,1273,3527
0.0199800087214556,0.75,1256,3544
0.0194630311605332,0.75,1214,3586
0.0193472459977079,0.75,1179,3621
0.0192395627130925,0.75,1150,3650
0.0191795216433073,0.75,1126,3674
0.0191181330686926,0.75,1107,3693
0.0198057359092996,0.75,1134,3666
0.0207133754126912,0.75,1205,3595
0.0206430804747827,0.75,1249,3551
0.0207683668773762,0.75,1285,3515
0.0201789737216269,0.75,1275,3525
0.0202810661207341,0.75,1274,3526
0.0195831707924105,0.75,1234,3566
0.0194910100909544,0.75,1201,3599
0.0192884517310468,0.75,1167,3633
0.0194418193770741,0.75,1153,3647
0.0188621923933948,0.75,1110,3690
0.0190708910427348,0.75,1094,3706
0.0196226919987130,0.75,1115,3685
0.0192390793814440,0.75,1106,3694
0.0194163082254047,0.75,1111,3689
0.0196433725423529,0.75,1128,3672
0.0197252976713849,0.75,1143,3657
0.0195733284857923,0.75,1145,3655
0.0194931642557423,0.75,1142,3658
0.0194776024998826,0.75,1138,3662
0.0194897737501820,0.75,1137,3663
0.0194326878828902,0.75,1133,3667
0.0192850016716047,0.75,1121,3679
0.0192555039868941,0.75,1112,3688
0.0198350022142542,0.75,1139,3661
0.0198418452873947,0.75,1158,3642
0.0207573429488135,0.75,1224,3576
0.0209138574678883,0.75,1277,3523
0.0197329047466663,0.75,1244,3556
0.0201338893901957,0.75,1245,3555
0.0195362667573492,0.75,1211,3589
0.0195039585630233,0.75,1186,3614
0.0197436582080318,0.75,1184,3616
0.0192545918744772,0.75,1154,3646
0.0191818063372840,0.75,1129,3671
0.0191244987140928,0.75,1109,3691
0.0191622448073894,0.75,1098,3702
0.0195250420504823,0.75,1112,3688
0.0207539860766257,0.75,1193,3607
0.0197652181443298,0.75,1189,3611
0.0197568633399705,0.75,1187,3613
0.0204210670835721,0.75,1223,3577
0.0203658612705506,0.75,1245,3555
0.0211254694999750,0.75,1303,3497
0.0209527112187325,0.75,1332,3468
0.0207777018389857,0.75,1341,3459
0.0193609100102517,0.75,1265,3535
0.0193851053772364,0.75,1216,3584
0.0196231524762375,0.75,1197,3603
0.0192614748070688,0.75,1163,3637
0.0196755715148689,0.75,1164,3636
0.0199903206449225,0.75,1183,3617
0.0195776241125095,0.75,1172,3628
0.0196102644033978,0.75,1166,3634
0.0209676621851347,0.75,1242,3558
0.0210051900507936,0.75,1294,3506
0.0208038300924230,0.75,1317,3483
0.0211104762171013,0.75,1350,3450
0.0203093386172758,0.75,1326,3474
0.0192594961793377,0.75,1250,3550
0.0196169721145402,0.75,1219,3581
0.0194075341137017,0.75,1186,3614
0.0206716739894677,0.75,1238,3562
0.0206185896946036,0.75,1269,3531
0.0212591854456476,0.75,1327,3473
0.0209164712621577,0.75,1345,3455
0.0200757374377138,0.75,1310,3490
0.0191296658449327,0.75,1231,3569
0.0192742021874959,0.75,1187,3613
0.0195548564721743,0.75,1173,3627
0.0194435971720263,0.75,1157,3643
0.0203033458709306,0.75,1197,3603
0.0193243863594820,0.75,1167,3633
0.0194874597308869,0.75,1156,3644
0.0195992512866451,0.75,1155,3645
0.0211069304286005,0.75,1242,3558
0.0206869707739356,0.75,1276,3524
0.0206525759351771,0.75,1296,3504
0.0200988870151616,0.75,1278,3522
0.0212897990849306,0.75,1334,3466
0.0209931504765711,0.75,1355,3445
0.0207481162685496,0.75,1355,3445
0.0204527963616669,0.75,1338,3462
0.0193750131545998,0.75,1264,3536
0.0194756306325933,0.75,1221,3579
0.0196400994286174,0.75,1201,3599
0.0195619693826938,0.75,1183,3617
0.0195116310001029,0.75,1168,3632
0.0195402259199280,0.75,1160,3640
0.0193770490063811,0.75,1145,3655
0.0196053772611959,0.75,1148,3652
0.0210153734142794,0.75,1232,3568
0.0223772550786710,0.75,1366,3434
0.0210710200965991,0.75,1381,3419
0.0207571001664302,0.75,1373,3427
0.0196842595436456,0.75,1306,3494
0.0193287445329226,0.75,1240,3560
0.0192561961289440,0.75,1191,3609
0.0197092945123255,0.75,1185,3615
0.0196754943186895,0.75,1179,3621
0.0202189186709424,0.75,1207,3593
0.0205941451777240,0.75,1247,3553
0.0195490116661752,0.75,1213,3587
0.0199811772630984,0.75,1215,3585
0.0207148863021633,0.75,1260,3540
0.0209048150549962,0.75,1300,3500
0.0196379187417650,0.75,1254,3546
0.0194376516816068,0.75,1211,3589
0.0195276067523064,0.75,1188,3612
0.0194295690104005,0.75,1167,3633
0.0197246645288077,0.75,1170,3630
0.0194454146863276,0.75,1155,3645
0.0196533432041607,0.75,1158,3642
0.0204720328516497,0.75,1207,3593
0.0196553528383450,0.75,1192,3608
0.0196501572824725,0.75,1182,3618
0.0195883015071269,0.75,1172,3628
0.0195974800408711,0.75,1166,3634
0.0194112796491482,0.75,1151,3649
0.0197934099729709,0.75,1163,3637
0.0195490579989756,0.75,1157,3643
0.0195741580951976,0.75,1154,3646
0.0197430850809386,0.75,1162,3638
0.0197142182992680,0.75,1166,3634
0.0198759491133752,0.75,1178,3622
0.0200855382957389,0.75,1198,3602
0.0198024324964112,0.75,1195,3605
0.0206752006787050,0.75,1244,3556
0.0197288738947705,0.75,1221,3579
0.0196731627586092,0.75,1203,3597
0.0195873164725212,0.75,1186,3614
0.0194230382167629,0.75,1165,3635
0.0192808459162876,0.75,1143,3657
0.0192199989577806,0.75,1124,3676
0.0195490396826000,0.75,1131,3669
0.0195549271179777,0.75,1136,3664
0.0205375731269343,0.75,1196,3604
0.0204174142420733,0.75,1229,3571
0.0198961687666087,0.75,1221,3579
0.0210561530464015,0.75,1283,3517
0.0198483668262688,0.75,1255,3545
0.0208318577209369,0.75,1293,3507
0.0206247501390902,0.75,1306,3494
0.0192896798090009,0.75,1238,3562
0.0199428270343095,0.75,1230,3570
0.0194250749558153,0.75,1195,3605
0.0192473177746507,0.75,1160,3640
0.0195710222773359,0.75,1156,3644
0.0193276251575276,0.75,1140,3660
0.0210233661117557,0.75,1227,3573
0.0209215144583973,0.75,1279,3521
0.0208120971352076,0.75,1308,3492
0.0208577080420805,0.75,1329,3471
0.0204264302266505,0.75,1319,3481
0.0194891339329023,0.75,1258,3542
0.0194939320556736,0.75,1218,3582
0.0194470760961034,0.75,1188,3612
0.0195282812006771,0.75,1172,3628
0.0193157033237085,0.75,1149,3651
0.0191636800884027,0.75,1125,3675
0.0191423827433007,0.75,1108,3692
0.0198419978459416,0.75,1137,3663
0.0195711726672044,0.75,1141,3659
0.0200943560504653,0.75,1174,3626
0.0197483095470453,0.75,1176,3624
0.0196729741729219,0.75,1172,3628
0.0195952179765414,0.75,1166,3634
0.0200279028898790,0.75,1187,3613
0.0193826079793936,0.75,1163,3637
0.0195195714742296,0.75,1155,3645
0.0192816112867636,0.75,1136,3664
0.0192841979912553,0.75,1123,3677
0.0195153995763763,0.75,1128,3672
0.0210567127167919,0.75,1221,3579
0.0212056625163067,0.75,1292,3508
0.0209592500845801,0.75,1325,3475
0.0205871658663823,0.75,1325,3475
0.0204526235898106,0.75,1318,3482
0.0195613219165731,0.75,1262,3538
0.0196111619064043,0.75,1227,3573
0.0195093801401299,0.75,1197,3603
0.0194718396141148,0.75,1175,3625
0.0191114381870063,0.75,1140,3660
0.0193960845099063,0.75,1132,3668
0.0194597348288668,0.75,1131,3669
0.0192020838318334,0.75,1115,3685
0.0209803558052047,0.75,1208,3592
0.0208845056838895,0.75,1264,3536
0.0198534605303317,0.75,1243,3557
0.0207073212105126,0.75,1277,3523
0.0196156056493136,0.75,1237,3563
0.0197113500649085,0.75,1216,3584
0.0203378256688671,0.75,1238,3562
0.0193877609004516,0.75,1198,3602
0.0193561439609461,0.75,1169,3631
0.0189883184468305,0.75,1128,3672
0.0192657217917501,0.75,1117,3683
0.0197024008658175,0.75,1135,3665
0.0213895609237926,0.75,1245,3555
0.0214089237613084,0.75,1319,3481
0.0209574096017357,0.75,1343,3457
0.0208671644440830,0.75,1354,3446
0.0194499241207857,0.75,1279,3521
0.0192930312496802,0.75,1220,3580
0.0193492597569099,0.75,1183,3617
0.0195610829945524,0.75,1171,3629
0.0195557136329461,0.75,1163,3637
0.0203806118878909,0.75,1205,3595
0.0192536354019061,0.75,1168,3632
0.0199836941245398,0.75,1185,3615
0.0196621612850945,0.75,1178,3622
0.0197671525216923,0.75,1180,3620
0.0193816438650197,0.75,1158,3642
0.0197035834712647,0.75,1163,3637
0.0196616460522451,0.75,1163,3637
0.0197586992319133,0.75,1169,3631
0.0198792227815814,0.75,1180,3620
0.0204859791374904,0.75,1223,3577
0.0197040988842047,0.75,1206,3594
0.0195002488719380,0.75,1183,3617
0.0196532243663775,0.75,1176,3624
0.0195209533680681,0.75,1164,3636
0.0209038394044018,0.75,1236,3564
0.0217161029827790,0.75,1331,3469
0.0216784887831053,0.75,1392,3408
0.0205154817734794,0.75,1366,3434
0.0202304726327425,0.75,1333,3467
0.0195255085323617,0.75,1270,3530
0.0194123274802187,0.75,1220,3580
0.0195298362976106,0.75,1194,3606
0.0195565183038767,0.75,1178,3622
0.0191968039380604,0.75,1147,3653
0.0197538858674528,0.75,1158,3642
0.0194788043374182,0.75,1149,3651
0.0198934771106472,0.75,1168,3632
0.0226063662246339,0.75,1337,3463
0.0216979927348618,0.75,1397,3403
0.0208501425716744,0.75,1389,3411
0.0202140608025726,0.75,1347,3453
0.0193678328746659,0.75,1270,3530
0.0196346452297932,0.75,1234,3566
0.0194960728122373,0.75,1201,3599
0.0205560829521760,0.75,1241,3559
0.0194565130687630,0.75,1204,3596
0.0197159127556332,0.75,1194,3606
0.0197899565783631,0.75,1192,3608
0.0194603227173292,0.75,1171,3629
0.0216611545184022,0.75,1284,3516
0.0220884848219505,0.75,1385,3415
0.0221201189532261,0.75,1453,3347
0.0205604294262871,0.75,1410,3390
0.0196004634293970,0.75,1326,3474
0.0195281830666590,0.75,1265,3535
0.0193487252705008,0.75,1214,3586
0.0195950486684627,0.75,1193,3607
0.0192717681347352,0.75,1161,3639
0.0189644503536466,0.75,1122,3678
0.0194610652351926,0.75,1124,3676
0.0197527390779688,0.75,1143,3657
0.0196248560706000,0.75,1148,3652
0.0199369103539445,0.75,1169,3631
0.0196186363659239,0.75,1165,3635
0.0192992518556232,0.75,1144,3656
0.0198532729406432,0.75,1162,3638
0.0196900719245192,0.75,1164,3636
0.0198762241460961,0.75,1177,3623
0.0212593489606178,0.75,1265,3535
0.0209511345152168,0.75,1306,3494
0.0195295670303704,0.75,1252,3548
0.0195130843378048,0.75,1214,3586
0.0195245088609312,0.75,1190,3610
0.0195336118897681,0.75,1174,3626
0.0206940236974980,0.75,1231,3569
0.0209089411488240,0.75,1281,3519
0.0216801655204350,0.75,1359,3441
0.0211938976675894,0.75,1383,3417
0.0202512440203806,0.75,1345,3455
0.0194213088272702,0.75,1272,3528
0.0194627831556880,0.75,1225,3575
0.0193846281860567,0.75,1189,3611
0.0197076619426252,0.75,1183,3617
0.0194474423527471,0.75,1165,3635
0.0197598711206937,0.75,1170,3630
0.0204853631586306,0.75,1216,3584
0.0214360850800107,0.75,1302,3498
0.0220686473912969,0.75,1395,3405
0.0219450243714804,0.75,1450,3350
0.0206648330023482,0.75,1414,3386
0.0201234079172266,0.75,1358,3442
0.0192366643153834,0.75,1270,3530
0.0195377261105060,0.75,1228,3572
0.0194591565262715,0.75,1195,3605
0.0197520424620862,0.75,1190,3610
0.0195946502044740,0.75,1178,3622
0.0195687988408456,0.75,1168,3632
0.0208663813160407,0.75,1237,3563
0.0230917312806558,0.75,1410,3390
0.0227214232515857,0.75,1504,3296
0.0218127347947237,0.75,1516,3284
0.0202965908211712,0.75,1437,3363
0.0192275010252417,0.75,1323,3477
0.0192228849291434,0.75,1245,3555
0.0194168992289492,0.75,1204,3596
0.0193474813380300,0.75,1173,3627
0.0203350910772230,0.75,1209,3591
0.0196793015753739,0.75,1195,3605
0.0199482452687630,0.75,1202,3598
0.0195799457801279,0.75,1185,3615
0.0198284539216967,0.75,1188,3612
0.0198040323243371,0.75,1188,3612
0.0196941098072166,0.75,1182,3618
0.0197705916214438,0.75,1183,3617
0.0211653238355903,0.75,1264,3536
0.0218777925085250,0.75,1359,3441
0.0209540072793148,0.75,1369,3431
0.0205009372777845,0.75,1350,3450
0.0195386033941070,0.75,1282,3518
0.0195613739502476,0.75,1237,3563
0.0196545096206533,0.75,1213,3587
0.0206797581037018,0.75,1256,3544
0.0217445152804634,0.75,1346,3454
0.0217504542347049,0.75,1406,3394
0.0209982693584318,0.75,1403,3397
0.0208261822637991,0.75,1392,3408
0.0209263152390080,0.75,1390,3410
0.0194578421839902,0.75,1304,3496
0.0195828721108626,0.75,1253,3547
0.0193573595265914,0.75,1206,3594
0.0194639780706143,0.75,1181,3619
0.0193359856898487,0.75,1157,3643
0.0194256435606065,0.75,1145,3655
0.0194689292795233,0.75,1140,3660
0.0196010029814081,0.75,1145,3655
0.0212210125813521,0.75,1242,3558
0.0218964316772303,0.75,1345,3455
0.0214818275798687,0.75,1390,3410
0.0206786407772274,0.75,1375,3425
0.0194771391176526,0.75,1295,3505
0.0196688042740689,0.75,1252,3548
0.0196025693194072,0.75,1220,3580
0.0196272575907864,0.75,1200,3600
0.0193785954585815,0.75,1171,3629
0.0193932747313236,0.75,1153,3647
0.0203418810196445,0.75,1197,3603
0.0199569000519999,0.75,1203,3597
0.0215770152405934,0.75,1301,3499
0.0216435560279664,0.75,1370,3430
0.0220033055602951,0.75,1437,3363
0.0209909426242729,0.75,1424,3376
0.0199948381317455,0.75,1358,3442
0.0193345516614262,0.75,1275,3525
0.0196467103865347,0.75,1238,3562
0.0191798602763065,0.75,1186,3614
0.0195349014410232,0.75,1171,3629
0.0190974164721518,0.75,1136,3664
0.0194576736497961,0.75,1133,3667
0.0206396956406433,0.75,1200,3600
0.0200073104989468,0.75,1209,3591
0.0195524457336101,0.75,1188,3612
0.0194557853476951,0.75,1168,3632
0.0197023641405466,0.75,1169,3631
0.0195087632476227,0.75,1159,3641
0.0198176708032103,0.75,1170,3630
0.0197595959209202,0.75,1173,3627
0.0196869040090697,0.75,1172,3628
0.0194945827516365,0.75,1160,3640
0.0194781849016241,0.75,1150,3650
0.0197285170841398,0.75,1159,3641
0.0197174603436375,0.75,1164,3636
0.0198674751105191,0.75,1176,3624
0.0209433431398737,0.75,1246,3554
0.0211380314930237,0.75,1305,3495
0.0211769354637241,0.75,1346,3454
0.0207245922124558,0.75,1347,3453
0.0208210313759194,0.75,1354,3446
0.0196599647866238,0.75,1291,3509
0.0194328857802376,0.75,1236,3564
0.0196653558699213,0.75,1213,3587
0.0194542919056704,0.75,1185,3615
0.0195916137991394,0.75,1174,3626
0.0194314079212372,0.75,1157,3643
0.0195464389215366,0.75,1153,3647
0.0200416107666721,0.75,1179,3621
0.0210689623450460,0.75,1256,3544
0.0208020661905790,0.75,1291,3509
0.0210123980318646,0.75,1327,3473
0.0207528432061770,0.75,1337,3463
0.0205368538062761,0.75,1330,3470
0.0205693017680958,0.75,1328,3472
0.0205763571907247,0.75,1327,3473
0.0194477176038711,0.75,1261,3539
0.0193457628048237,0.75,1211,3589
0.0192384372801440,0.75,1171,3629
0.0193729040626387,0.75,1152,3648
0.0194034023720569,0.75,1141,3659
0.0208888143264538,0.75,1220,3580
0.0204127749998347,0.75,1245,3555
0.0204668393630231,0.75,1265,3535
0.0207758618115667,0.75,1296,3504
0.0212155435269125,0.75,1342,3458
0.0209637043887148,0.75,1359,3441
0.0202111576000884,0.75,1327,3473
0.0195329619022097,0.75,1266,3534
0.0195418148234975,0.75,1225,3575
0.0196472394773041,0.75,1204,3596
0.0194930177803498,0.75,1181,3619
0.0196122138215904,0.75,1173,3627
0.0208781815757938,0.75,1241,3559
0.0208800091476093,0.75,1286,3514
0.0206890096444212,0.75,1305,3495
0.0206723843019917,0.75,1317,3483
0.0194431448319452,0.75,1254,3546
0.0194955321821659,0.75,1215,3585
0.0193554662012006,0.75,1180,3620
0.0197322173859281,0.75,1179,3621
0.0194229828356468,0.75,1160,3640
0.0193311976847140,0.75,1142,3658
0.0195474670556232,0.75,1143,3657
0.0193199265918479,0.75,1130,3670
0.0201819918456350,0.75,1172,3628
0.0201550197194434,0.75,1198,3602
0.0196580595421944,0.75,1187,3613
0.0197078900403045,0.75,1182,3618
0.0213882623987621,0.75,1276,3524
0.0209445436599794,0.75,1313,3487
0.0208108107460065,0.75,1331,3469
0.0206751578256636,0.75,1334,3466
0.0192623416792208,0.75,1255,3545
0.0193817306119403,0.75,1209,3591
0.0195660748204966,0.75,1189,3611
0.0197388602240536,0.75,1185,3615
0.0195666463535146,0.75,1173,3627
0.0195749848173509,0.75,1165,3635
0.0195245135198692,0.75,1157,3643
0.0196173840846180,0.75,1157,3643
0.0208609410428473,0.75,1229,3571
0.0218627064868958,0.75,1335,3465
0.0224827617418608,0.75,1440,3360
0.0208830075761712,0.75,1420,3380
0.0199749088006839,0.75,1354,3446
0.0193800732323513,0.75,1275,3525
0.0194863602357119,0.75,1229,3571
0.0195462790832223,0.75,1201,3599
0.0193872681415146,0.75,1173,3627
0.0209980724610052,0.75,1247,3553
0.0204733051336208,0.75,1267,3533
0.0199145763540454,0.75,1248,3552
0.0198593585960162,0.75,1232,3568
0.0208475085968001,0.75,1278,3522
0.0204986832579472,0.75,1289,3511
0.0210089426844984,0.75,1326,3474
0.0210016795009708,0.75,1350,3450
0.0206155082654044,0.75,1344,3456
0.0193694330034835,0.75,1268,3532
0.0196950041393167,0.75,1236,3564
0.0196347706573751,0.75,1211,3589
0.0210147718268362,0.75,1274,3526
0.0207484961821341,0.75,1300,3500
0.0209856431265310,0.75,1332,3468
0.0206100281459772,0.75,1331,3469
0.0195640034706663,0.75,1271,3529
0.0198243365499951,0.75,1245,3555
0.0195780094476071,0.75,1214,3586
0.0194599962905277,0.75,1186,3614
0.0192915409181945,0.75,1157,3643
0.0193105055392928,0.75,1139,3661
0.0197509199000493,0.75,1152,3648
0.0195270979369465,0.75,1149,3651
0.0196641699801693,0.75,1154,3646
0.0209360872823213,0.75,1231,3569
0.0209153926911188,0.75,1282,3518
0.0210594719909138,0.75,1324,3476
0.0199233287096475,0.75,1286,3514
0.0209505724517361,0.75,1321,3479
0.0198384105797878,0.75,1279,3521
0.0195243012648006,0.75,1234,3566
0.0194344434323427,0.75,1198,3602
0.0193975367037592,0.75,1171,3629
0.0191634736194263,0.75,1140,3660
0.0192755781229545,0.75,1125,3675
0.0195161822798863,0.75,1130,3670
0.0203829500974065,0.75,1183,3617
0.0207912767507069,0.75,1242,3558
0.0212892082413648,0.75,1311,3489
0.0206668628545475,0.75,1320,3480
0.0197056155662278,0.75,1272,3528
0.0206325942673892,0.75,1292,3508
0.0205314606732875,0.75,1300,3500
0.0201919870733852,0.75,1286,3514
0.0194009767407192,0.75,1231,3569
0.0191094867895801,0.75,1177,3623
0.0192640123456311,0.75,1150,3650
0.0194059558736952,0.75,1140,3660
0.0193341702358352,0.75,1129,3671
0.0211080158951315,0.75,1224,3576
0.0210095218065671,0.75,1283,3517
0.0207067944604880,0.75,1304,3496
0.0194548614063170,0.75,1246,3554
0.0195776364801168,0.75,1214,3586
0.0195748277460578,0.75,1193,3607
0.0195315415891377,0.75,1176,3624
0.0195456993387016,0.75,1165,3635
0.0193517060708720,0.75,1147,3653
0.0189326495366613,0.75,1110,3690
0.0193271712628657,0.75,1108,3692
0.0198163384560539,0.75,1136,3664
0.0207852389395046,0.75,1211,3589
0.0197029796099912,0.75,1198,3602
0.0210285522615216,0.75,1266,3534
0.0197417475466256,0.75,1237,3563
0.0196301378291537,0.75,1211,3589
0.0198011188878394,0.75,1204,3596
0.0194635241218455,0.75,1179,3621
0.0195186722764070,0.75,1166,3634
0.0193601427078425,0.75,1148,3652
0.0193011271271830,0.75,1132,3668
0.0194600636777672,0.75,1131,3669
0.0195286223287906,0.75,1134,3666
0.0210633122171997,0.75,1226,3574
0.0209955042491427,0.75,1283,3517
0.0209916907369835,0.75,1320,3480
0.0208734531180163,0.75,1339,3461
0.0201365622532647,0.75,1309,3491
0.0201361269622852,0.75,1289,3511
0.0195626645444194,0.75,1242,3558
0.0194245724489703,0.75,1203,3597
0.0194565435920489,0.75,1178,3622
0.0190992682623961,0.75,1141,3659
0.0193534771831187,0.75,1130,3670
0.0192532376781448,0.75,1118,3682
0.0199211403866425,0.75,1148,3652
0.0208742155851868,0.75,1224,3576
0.0210802489177421,0.75,1286,3514
0.0214222719235100,0.75,1348,3452
0.0204970275490793,0.75,1336,3464
0.0204431743708325,0.75,1324,3476
0.0195215604736520,0.75,1264,3536
0.0201141735459473,0.75,1257,3543
0.0193173171672480,0.75,1207,3593
0.0194481158781138,0.75,1180,3620
0.0189375501211359,0.75,1133,3667
0.0192724569122739,0.75,1120,3680
0.0196215173127098,0.75,1133,3667
0.0211645495094785,0.75,1230,3570
0.0215660440469525,0.75,1319,3481
0.0207730281623975,0.75,1332,3468
0.0204864199324480,0.75,1324,3476
0.0195896305940604,0.75,1268,3532
0.0195170599803396,0.75,1225,3575
0.0194149732246514,0.75,1191,3609
0.0195208097552731,0.75,1174,3626
0.0194078032895783,0.75,1156,3644
0.0191800224459135,0.75,1131,3669
0.0192972801588365,0.75,1120,3680
0.0193851760996887,0.75,1119,3681
0.0207546253753646,0.75,1197,3603
0.0195780143063716,0.75,1182,3618
0.0197374619848554,0.75,1180,3620
0.0197695570244141,0.75,1181,3619
0.0194530069950775,0.75,1163,3637
0.0195935466793620,0.75,1160,3640
0.0209012534862798,0.75,1233,3567
0.0196511623450208,0.75,1210,3590
0.0210821145408710,0.75,1277,3523
0.0195541750250311,0.75,1234,3566
0.0195073850665563,0.75,1202,3598
0.0197031320854866,0.75,1192,3608
0.0198077998374721,0.75,1191,3609
0.0214949029519738,0.75,1288,3512
0.0216184341964853,0.75,1360,3440
0.0208528141970989,0.75,1364,3436
0.0204997828668345,0.75,1347,3453
0.0201953907873729,0.75,1318,3482
0.0194280526079221,0.75,1254,3546
0.0195392984614884,0.75,1217,3583
0.0195068980757585,0.75,1191,3609
0.0193857134547967,0.75,1166,3634
0.0191941608971515,0.75,1138,3662
0.0193886408409715,0.75,1131,3669
0.0195140207242068,0.75,1133,3667
0.0199228710334719,0.75,1159,3641
0.0212406180586461,0.75,1252,3548
0.0215839685437705,0.75,1334,3466
0.0212511020725483,0.75,1370,3430
0.0199542987123304,0.75,1319,3481
0.0199343239187995,0.75,1284,3516
0.0195623457023623,0.75,1239,3561
0.0196105490152213,0.75,1211,3589
0.0194429291092319,0.75,1183,3617
0.0193712828082436,0.75,1160,3640
0.0196192463253480,0.75,1159,3641
0.0193806091804486,0.75,1144,3656
0.0211093860015810,0.75,1235,3565
0.0213658155531160,0.75,1310,3490
0.0210351993304294,0.75,1341,3459
0.0212434548704015,0.75,1374,3426
0.0209755196391042,0.75,1381,3419
0.0196283188981315,0.75,1308,3492
0.0194581186105720,0.75,1249,3551
0.0195293597170535,0.75,1213,3587
0.0194708666509817,0.75,1186,3614
0.0192234578858879,0.75,1153,3647
0.0204137154342909,0.75,1201,3599
0.0193651960004418,0.75,1171,3629
0.0191920295812060,0.75,1142,3658
0.0197736022773411,0.75,1156,3644
0.0198764526169045,0.75,1171,3629
0.0196483389622137,0.75,1168,3632
0.0208265152951084,0.75,1234,3566
0.0197794037093467,0.75,1218,3582
0.0208886195792826,0.75,1271,3529
0.0195673997328083,0.75,1231,3569
0.0196492186886573,0.75,1208,3592
0.0193351284229633,0.75,1175,3625
0.0192672701855489,0.75,1148,3652
0.0192868598600772,0.75,1132,3668
0.0196103242417897,0.75,1139,3661
0.0207766448433210,0.75,1212,3588
0.0213550602157199,0.75,1295,3505
0.0209956311534755,0.75,1329,3471
0.0215900709274926,0.75,1385,3415
0.0197907653444799,0.75,1320,3480
0.0195414799005014,0.75,1262,3538
0.0195305950687232,0.75,1222,3578
0.0192979301663584,0.75,1182,3618
0.0194660902642600,0.75,1165,3635
0.0195144996825269,0.75,1156,3644
0.0193119678999640,0.75,1138,3662
0.0192029042797375,0.75,1120,3680
0.0212406927147791,0.75,1226,3574
0.0208598850778295,0.75,1275,3525
0.0203965560270960,0.75,1281,3519
0.0207984161891381,0.75,1308,3492
0.0195395361582165,0.75,1254,3546
0.0211886549013275,0.75,1313,3487
0.0207952561229413,0.75,1329,3471
0.0200581611782552,0.75,1298,3502
0.0193237146129422,0.75,1234,3566
0.0192610482847139,0.75,1188,3612
0.0192724699491600,0.75,1157,3643
0.0193963392403139,0.75,1144,3656
0.0193825200182261,0.75,1135,3665
0.0198703971782528,0.75,1157,3643
0.0209613475101062,0.75,1235,3565
0.0206625795684801,0.75,1269,3531
0.0206865367505234,0.75,1294,3506
0.0206584429748438,0.75,1309,3491
0.0196397735490541,0.75,1260,3540
0.0200062311506101,0.75,1248,3552
0.0195147641436566,0.75,1212,3588
0.0194389340848743,0.75,1183,3617
0.0194387155379396,0.75,1164,3636
0.0198291540275928,0.75,1174,3626
0.0193988802358599,0.75,1155,3645
0.0199362686078106,0.75,1174,3626
0.0208757284243296,0.75,1241,3559
0.0207165848346488,0.75,1277,3523
0.0196184779530454,0.75,1237,3563
0.0206700410347873,0.75,1272,3528
0.0195524172086945,0.75,1230,3570
0.0193373079534773,0.75,1189,3611
0.0196034059725327,0.75,1178,3622
0.0196705337636593,0.75,1174,3626
0.0198120646976239,0.75,1179,3621
0.0190455727741817,0.75,1138,3662
0.0194250978576568,0.75,1133,3667
0.0197129440896456,0.75,1146,3654
0.0211699545049560,0.75,1240,3560
0.0208783691570738,0.75,1285,3515
0.0211491801277459,0.75,1331,3469
0.0206080561310964,0.75,1331,3469
0.0196664236337960,0.75,1276,3524
0.0197088122878751,0.75,1242,3558
0.0195938474878162,0.75,1213,3587
0.0197468961208445,0.75,1202,3598
0.0191911189120274,0.75,1162,3638
0.0193135815580124,0.75,1142,3658
0.0194601394800935,0.75,1138,3662
0.0194367758481390,0.75,1133,3667
0.0208578070649569,0.75,1213,3587
0.0205141218295419,0.75,1246,3554
0.0208986612264627,0.75,1291,3509
0.0208072435016061,0.75,1315,3485
0.0201780367408964,0.75,1295,3505
0.0205273429776298,0.75,1302,3498
0.0194379772685883,0.75,1244,3556
0.0193644167149975,0.75,1200,3600
0.0192210941016280,0.75,1163,3637
0.0191691946488880,0.75,1135,3665
0.0194026892590623,0.75,1129,3671
0.0210873029408325,0.75,1224,3576
0.0211551559183318,0.75,1290,3510
0.0211003439084534,0.75,1332,3468
0.0209869757480812,0.75,1353,3447
0.0205211199571471,0.75,1341,3459
0.0195960561663594,0.75,1279,3521
0.0195695113476041,0.75,1236,3564
0.0194240966270026,0.75,1198,3602
0.0195349203382998,0.75,1180,3620
0.0189285991205498,0.75,1132,3668
0.0192340834647283,0.75,1118,3682
0.0193445677119610,0.75,1114,3686
0.0195862467280560,0.75,1127,3673
0.0210984199356277,0.75,1223,3577
0.0196373175780668,0.75,1202,3598
0.0196385821948637,0.75,1188,3612
0.0194316954647582,0.75,1167,3633
0.0197064337801853,0.75,1169,3631
0.0195181389768832,0.75,1159,3641
0.0197407979658935,0.75,1165,3635
0.0194751259548027,0.75,1154,3646
0.0194443353002646,0.75,1145,3655
0.0190700139753804,0.75,1117,3683
0.0197322952701070,0.75,1136,3664
0.0196638820217474,0.75,1146,3654
0.0208225888557702,0.75,1219,3581
0.0209854642226480,0.75,1278,3522
0.0209533325384190,0.75,1315,3485
0.0210194974180020,0.75,1344,3456
0.0201470262573970,0.75,1313,3487
0.0195172913431122,0.75,1256,3544
0.0193695847575967,0.75,1209,3591
0.0195014783284431,0.75,1185,3615
0.0194291851369485,0.75,1164,3636
0.0193425866499107,0.75,1146,3654
0.0195767279300344,0.75,1147,3653
0.0196419515719741,0.75,1151,3649
0.0208670691135247,0.75,1226,3574
0.0214839025962088,0.75,1311,3489
0.0217026841467313,0.75,1380,3420
0.0211200771915271,0.75,1393,3407
0.0201034152182701,0.75,1343,3457
0.0194932547342323,0.75,1275,3525
0.0195568310108687,0.75,1232,3568
0.0193389441447629,0.75,1191,3609
0.0195889395478753,0.75,1178,3622
0.0193569256072951,0.75,1156,3644
0.0194838087056635,0.75,1148,3652
0.0196436215461605,0.75,1152,3648
0.0209820980058087,0.75,1233,3567
0.0214595746888611,0.75,1314,3486
0.0215968346151198,0.75,1376,3424
0.0211922944375797,0.75,1395,3405
0.0212152936553006,0.75,1408,3392
0.0193631415202721,0.75,1311,3489
0.0197002921571666,0.75,1265,3535
0.0195666081271821,0.75,1226,3574
0.0194656238313056,0.75,1194,3606
0.0196673106307128,0.75,1185,3615
0.0192416518921676,0.75,1154,3646
0.0192736213859003,0.75,1134,3666
0.0194304354423353,0.75,1131,3669
0.0198831843545168,0.75,1155,3645
0.0196135661867760,0.75,1155,3645
0.0197867586140782,0.75,1165,3635
0.0197039088750201,0.75,1167,3633
0.0198152498483109,0.75,1175,3625
0.0198682032089830,0.75,1184,3616
0.0197154933836523,0.75,1180,3620
0.0202504931179343,0.75,1209,3591
0.0208650842596627,0.75,1264,3536
0.0197695664216928,0.75,1237,3563
0.0193814000022426,0.75,1197,3603
0.0195739280976499,0.75,1181,3619
0.0195658697629182,0.75,1170,3630
0.0209028719206415,0.75,1240,3560
0.0209548482692293,0.75,1290,3510
0.0208571031562610,0.75,1318,3482
0.0214618821519333,0.75,1371,3429
0.0204075112249158,0.75,1346,3454
0.0193533391652778,0.75,1268,3532
0.0196272923918079,0.75,1232,3568
0.0193411256481053,0.75,1191,3609
0.0194537464087810,0.75,1170,3630
0.0193990797200546,0.75,1153,3647
0.0195805586201528,0.75,1152,3648
0.0193790361543989,0.75,1139,3661
0.0199379629787697,0.75,1164,3636
0.0211514870141272,0.75,1250,3550
0.0218320280038221,0.75,1347,3453
0.0208541758685134,0.75,1356,3444
0.0196094475493613,0.75,1290,3510
0.0197046803179145,0.75,1251,3549
0.0200360850519759,0.75,1244,3556
0.0196305023409524,0.75,1216,3584
0.0195097347696096,0.75,1190,3610
0.0195046472737279,0.75,1172,3628
0.0194729483021007,0.75,1159,3641
0.0193807290994084,0.75,1144,3656
0.0205260064983591,0.75,1201,3599
0.0210275568006632,0.75,1268,3532
0.0210743771740016,0.75,1315,3485
0.0205600078908237,0.75,1318,3482
0.0209911271958507,0.75,1344,3456
0.0196153886408723,0.75,1282,3518
0.0195654725003041,0.75,1238,3562
0.0193359978851359,0.75,1195,3605
0.0193815078369176,0.75,1168,3632
0.0195957482034822,0.75,1163,3637
0.0194971018619249,0.75,1154,3646
0.0193747869831669,0.75,1141,3659
0.0192865619593302,0.75,1126,3674
0.0197684102927872,0.75,1145,3655
0.0196818546442504,0.75,1153,3647
0.0200163305750310,0.75,1177,3623
0.0198062168405330,0.75,1181,3619
0.0199173259148206,0.75,1190,3610
0.0200947839234074,0.75,1207,3593
0.0195921533983172,0.75,1189,3611
0.0196871697000348,0.75,1182,3618
0.0195072680366679,0.75,1167,3633
0.0194113417022019,0.75,1152,3648
0.0193929140280795,0.75,1140,3660
0.0198440770590217,0.75,1159,3641
0.0196864287059652,0.75,1162,3638
0.0211120547049514,0.75,1247,3553
0.0208792302839335,0.75,1290,3510
0.0207112055688437,0.75,1309,3491
0.0197961284098007,0.75,1269,3531
0.0207888822547409,0.75,1300,3500
0.0197257663265549,0.75,1259,3541
0.0195378135016900,0.75,1221,3579
0.0196068620041947,0.75,1199,3601
0.0194589048052125,0.75,1176,3624
0.0196036528432544,0.75,1168,3632
0.0205541489319651,0.75,1219,3581
0.0204733928863093,0.75,1248,3552
0.0209242450516358,0.75,1293,3507
0.0208176447024937,0.75,1318,3482
0.0209086491724285,0.75,1339,3461
0.0211489230365143,0.75,1367,3433
0.0205862278307710,0.75,1354,3446
0.0196332809262917,0.75,1290,3510
0.0204999820848826,0.75,1297,3503
0.0196162320448691,0.75,1251,3549
0.0195748272683408,0.75,1217,3583
0.0204360847580226,0.75,1245,3555
0.0193411780889412,0.75,1200,3600
0.0193708186763726,0.75,1171,3629
0.0197952020115023,0.75,1177,3623
0.0212997073890922,0.75,1267,3533
0.0214151937052710,0.75,1335,3465
0.0209036527087262,0.75,1350,3450
0.0201198786130666,0.75,1315,3485
0.0195710564277508,0.75,1260,3540
0.0196383452531664,0.75,1227,3573
0.0195279364093579,0.75,1199,3601
0.0194302302843670,0.75,1174,3626
0.0197363518999007,0.75,1175,3625
0.0194427791234304,0.75,1159,3641
0.0195038114485154,0.75,1151,3649
0.0195806203853915,0.75,1151,3649
0.0208171807096805,0.75,1222,3578
0.0197078848746835,0.75,1206,3594
0.0198431005084460,0.75,1203,3597
0.0196142015977764,0.75,1187,3613
0.0202860457284301,0.75,1216,3584
0.0206302638530078,0.75,1255,3545
0.0195995070273229,0.75,1222,3578
0.0210216925198344,0.75,1281,3519
0.0194784409107626,0.75,1232,3568
0.0196734982590187,0.75,1210,3590
0.0195322569768930,0.75,1188,3612
0.0196294986655172,0.75,1178,3622
0.0199329472072535,0.75,1189,3611
0.0209584991318061,0.75,1256,3544
0.0211120104085410,0.75,1310,3490
0.0202545412791366,0.75,1296,3504
0.0204820874087627,0.75,1300,3500
0.0196828736835154,0.75,1257,3543
0.0208685913537519,0.75,1296,3504
0.0193958514226162,0.75,1237,3563
0.0192561902010099,0.75,1190,3610
0.0196278994478483,0.75,1179,3621
0.0191814603628643,0.75,1146,3654
0.0193968271985793,0.75,1137,3663
0.0198732647600300,0.75,1158,3642
0.0212342804198333,0.75,1251,3549
0.0210751582551748,0.75,1304,3496
0.0205236771026617,0.75,1308,3492
0.0213115751672243,0.75,1356,3444
0.0206623780734855,0.75,1350,3450
0.0195782611694336,0.75,1284,3516
0.0193111019640819,0.75,1225,3575
0.0194908652746153,0.75,1195,3605
0.0195113288554107,0.75,1176,3624
0.0192981515164911,0.75,1151,3649
0.0192297769614032,0.75,1130,3670
0.0195484823606669,0.75,1135,3665
0.0208845954904858,0.75,1216,3584
0.0210119418231338,0.75,1277,3523
0.0219944892320105,0.75,1374,3426
0.0213231628120808,0.75,1401,3399
0.0197325351128456,0.75,1327,3473
0.0196353410285259,0.75,1272,3528
0.0195153367852792,0.75,1228,3572
0.0194060370197440,0.75,1192,3608
0.0195671831540148,0.75,1177,3623
0.0191881015723180,0.75,1146,3654
0.0193171764913047,0.75,1132,3668
0.0195410443189211,0.75,1135,3665
0.0197430650640868,0.75,1150,3650
0.0196437131208797,0.75,1153,3647
0.0198267207053184,0.75,1167,3633
0.0208458651602300,0.75,1235,3565
0.0198743281005218,0.75,1224,3576
0.0197507081222951,0.75,1209,3591
0.0196774274434956,0.75,1195,3605
0.0206647552682843,0.75,1243,3557
0.0206244735695261,0.75,1273,3527
0.0194611713742055,0.75,1226,3574
0.0194983814747341,0.75,1196,3604
0.0194925618638009,0.75,1176,3624
0.0193982527252279,0.75,1156,3644
0.0211974401785449,0.75,1248,3552
0.0212725487713900,0.75,1314,3486
0.0212626780714630,0.75,1357,3443
0.0203533384907654,0.75,1333,3467
0.0204315405868372,0.75,1322,3478
0.0196862042931462,0.75,1272,3528
0.0195531370736987,0.75,1230,3570
0.0194769477193172,0.75,1198,3602
0.0195999627302562,0.75,1183,3617
0.0190894314906303,0.75,1143,3657
0.0197063364340425,0.75,1153,3647
0.0195245242286365,0.75,1149,3651
0.0214375921558242,0.75,1257,3543
0.0218046407086681,0.75,1350,3450
0.0213826538156767,0.75,1388,3412
0.0214727092445623,0.75,1418,3382
0.0206224474738411,0.75,1390,3410
0.0193395357935339,0.75,1297,3503
0.0195720781712315,0.75,1248,3552
0.0193243042794623,0.75,1201,3599
0.0195701323208155,0.75,1184,3616
0.0202527013733638,0.75,1212,3588
0.0194024039601831,0.75,1181,3619
0.0207324926126801,0.75,1238,3562
0.0210471862706039,0.75,1293,3507
0.0215954201048788,0.75,1362,3438
0.0222401330492003,0.75,1445,3355
0.0223014940542439,0.75,1504,3296
0.0203516312136650,0.75,1432,3368
0.0195520044805216,0.75,1338,3462
0.0195245375417180,0.75,1273,3527
0.0196266272197078,0.75,1235,3565
0.0195763511732686,0.75,1207,3593
0.0192796246117604,0.75,1171,3629
0.0195616089606171,0.75,1163,3637
0.0194781953963713,0.75,1152,3648
0.0199496570553923,0.75,1173,3627
0.0207942973007128,0.75,1236,3564
0.0199957545762600,0.75,1232,3568
0.0198473703805842,0.75,1220,3580
0.0198623383404764,0.75,1213,3587
0.0194681608116534,0.75,1186,3614
0.0197641088438682,0.75,1185,3615
0.0197350591209797,0.75,1182,3618
0.0196761029979027,0.75,1177,3623
0.0205369164235790,0.75,1224,3576
0.0195187712069829,0.75,1196,3604
0.0196204960733930,0.75,1183,3617
0.0195766433133530,0.75,1172,3628
0.0196838170869259,0.75,1171,3629
0.0210960148363926,0.75,1252,3548
0.0198522346748198,0.75,1234,3566
0.0209912343294356,0.75,1288,3512
0.0209848138378157,0.75,1324,3476
0.0197171039210067,0.75,1274,3526
0.0195677622232003,0.75,1233,3567
0.0195521389072887,0.75,1204,3596
0.0195928225833842,0.75,1187,3613
0.0193459929481018,0.75,1161,3639
0.0192899546869942,0.75,1140,3660
0.0197384498580518,0.75,1153,3647
0.0195142677666625,0.75,1148,3652
0.0210766648847639,0.75,1235,3565
0.0214846184257143,0.75,1317,3483
0.0213240274354808,0.75,1363,3437
0.0211602677310040,0.75,1384,3416
0.0204740542099692,0.75,1358,3442
0.0195651994966422,0.75,1289,3511
0.0195481949159531,0.75,1241,3559
0.0197223494954948,0.75,1219,3581
0.0194253754385889,0.75,1188,3612
0.0192831237258900,0.75,1158,3642
0.0195486071489157,0.75,1153,3647
0.0204512674806463,0.75,1203,3597
0.0209486124956179,0.75,1265,3535
0.0212803608950438,0.75,1325,3475
0.0213777491053160,0.75,1371,3429
0.0208001075543611,0.75,1368,3432
0.0205017625680152,0.75,1350,3450
0.0196292459408914,0.75,1287,3513
0.0194908397094891,0.75,1237,3563
0.0194027555560921,0.75,1198,3602
0.0196356206722757,0.75,1185,3615
0.0193254580519946,0.75,1159,3641
0.0196650905593776,0.75,1161,3639
0.0193919227435684,0.75,1146,3654
0.0199153040659824,0.75,1167,3633
0.0196421966187911,0.75,1165,3635
0.0198487769271059,0.75,1176,3624
0.0198334360409101,0.75,1182,3618
0.0196051678866264,0.75,1173,3627
0.0198587791775760,0.75,1181,3619
0.0195936543325899,0.75,1172,3628
0.0197728974267051,0.75,1176,3624
0.0196311201336783,0.75,1170,3630
0.0196995803060342,0.75,1170,3630
0.0194910405493704,0.75,1158,3642
0.0196116911932318,0.75,1157,3643
0.0196207989133814,0.75,1157,3643
0.0210117273115472,0.75,1238,3562
0.0210612841439237,0.75,1295,3505
0.0209036670318362,0.75,1323,3477
0.0209121381623914,0.75,1343,3457
0.0207901217841998,0.75,1349,3451
0.0196916268493371,0.75,1290,3510
0.0207568858580973,0.75,1312,3488
0.0194434913415980,0.75,1251,3549
0.0192740735380317,0.75,1200,3600
0.0190446175810045,0.75,1152,3648
0.0194449621883272,0.75,1143,3657
0.0193339782696684,0.75,1131,3669
0.0211675072733207,0.75,1230,3570
0.0211696778445115,0.75,1295,3505
0.0209722429256982,0.75,1328,3472
0.0204992903473361,0.75,1322,3478
0.0208417316941091,0.75,1338,3462
0.0195814260202222,0.75,1276,3524
0.0206676183803220,0.75,1298,3502
0.0194470775519870,0.75,1241,3559
0.0192593522607069,0.75,1193,3607
0.0195451535268456,0.75,1176,3624
0.0193217332710117,0.75,1153,3647
0.0192667645591819,0.75,1133,3667
0.0196723002466166,0.75,1144,3656
0.0211296324229581,0.75,1236,3564
0.0209427925017101,0.75,1287,3513
0.0208910104821527,0.75,1317,3483
0.0212981275926790,0.75,1361,3439
0.0195365624564299,0.75,1289,3511
0.0195982403024480,0.75,1244,3556
0.0195194927279601,0.75,1210,3590
0.0193037390981444,0.75,1174,3626
0.0194133631813275,0.75,1156,3644
0.0191904317024512,0.75,1131,3669
0.0192313524794756,0.75,1117,3683
0.0191939609742694,0.75,1105,3695
0.0195710498320023,0.75,1120,3680
0.0198175071059681,0.75,1143,3657
0.0207709925472347,0.75,1215,3585
0.0196226197960116,0.75,1196,3604
0.0197484297373107,0.75,1190,3610
0.0196374250386810,0.75,1180,3620
0.0196749951471782,0.75,1176,3624
0.0195247343312828,0.75,1164,3636
0.0193981770024855,0.75,1149,3651
0.0194675848130945,0.75,1143,3657
0.0193342536582634,0.75,1131,3669
0.0195216283469088,0.75,1134,3666
0.0196805617497772,0.75,1145,3655
0.0195952076167572,0.75,1147,3653
0.0210276427990560,0.75,1232,3568
0.0209680563037625,0.75,1285,3515
0.0208725956585384,0.75,1315,3485
0.0197712827937611,0.75,1272,3528
0.0208287016833278,0.75,1304,3496
0.0207298738191005,0.75,1320,3480
0.0195847026130861,0.75,1264,3536
0.0193574922850389,0.75,1214,3586
0.0192548237235576,0.75,1174,3626
0.0192517600265352,0.75,1147,3653
0.0198530497159398,0.75,1164,3636
0.0209511279124212,0.75,1239,3561
0.0211760123292888,0.75,1302,3498
0.0218801351860850,0.75,1384,3416
0.0206961023397527,0.75,1371,3429
0.0198166967060495,0.75,1312,3488
0.0204021023313404,0.75,1306,3494
0.0196065685046467,0.75,1256,3544
0.0205438916328734,0.75,1277,3523
0.0195777007649957,0.75,1235,3565
0.0195330316559597,0.75,1204,3596
0.0195196047688653,0.75,1183,3617
0.0205131093014565,0.75,1226,3574
0.0211384926217175,0.75,1291,3509
0.0220567951793585,0.75,1387,3413
0.0210276856182233,0.75,1392,3408
0.0212121404211641,0.75,1407,3393
0.0194146389599152,0.75,1313,3487
0.0196071385118956,0.75,1261,3539
0.0195585039502436,0.75,1223,3577
0.0196483817433663,0.75,1203,3597
0.0195521461259221,0.75,1184,3616
0.0193114983422295,0.75,1157,3643
0.0199713975420434,0.75,1177,3623
0.0196218205539747,0.75,1171,3629
0.0203065446296579,0.75,1206,3594
0.0195831520989043,0.75,1188,3612
0.0195936670716887,0.75,1176,3624
0.0198623401961740,0.75,1184,3616
0.0196917448395249,0.75,1179,3621
0.0210739424707431,0.75,1256,3544
0.0212986340907725,0.75,1320,3480
0.0212933771409655,0.75,1363,3437
0.0209560490662829,0.75,1372,3428
0.0205558709351726,0.75,1355,3445
0.0195040757457773,0.75,1283,3517
0.0194385820220588,0.75,1231,3569
0.0206895211378012,0.75,1269,3531
0.0213847983192008,0.75,1334,3466
0.0217443749384024,0.75,1398,3402
0.0209471342217139,0.75,1395,3405
0.0205950584571191,0.75,1373,3427
0.0194794545520698,0.75,1294,3506
0.0194174404692996,0.75,1237,3563
0.0195614527499644,0.75,1207,3593
0.0196857093522063,0.75,1194,3606
0.0198066641923017,0.75,1193,3607
0.0195797964731190,0.75,1179,3621
0.0198905157577770,0.75,1187,3613
0.0200029383137081,0.75,1199,3601
0.0210545462093048,0.75,1269,3531
0.0222478977843251,0.75,1383,3417
0.0220787638711974,0.75,1450,3350
0.0211605428584461,0.75,1442,3358
0.0202063224064421,0.75,1382,3418
0.0203380903883183,0.75,1350,3450
0.0195964297263899,0.75,1285,3515
0.0200134231723330,0.75,1266,3534
0.0196946601494821,0.75,1234,3566
0.0192780187320995,0.75,1189,3611
0.0205200434288489,0.75,1230,3570
0.0197710386048988,0.75,1215,3585
0.0196605962287028,0.75,1198,3602
0.0217028755229117,0.75,1305,3495
0.0213755857010268,0.75,1357,3443
0.0213394805308651,0.75,1390,3410
0.0207215354071077,0.75,1377,3423
0.0197691535037170,0.75,1313,3487
0.0194760095671809,0.75,1254,3546
0.0195879931724240,0.75,1220,3580
0.0195011190911901,0.75,1192,3608
0.0196726893509378,0.75,1184,3616
0.0195382423371306,0.75,1170,3630
0.0193820119714420,0.75,1152,3648
0.0194973261184877,0.75,1146,3654
0.0200131997917264,0.75,1173,3627
0.0210162153292228,0.75,1248,3552
0.0197984796657072,0.75,1229,3571
0.0208992325026701,0.75,1279,3521
0.0197208576560037,0.75,1245,3555
0.0195889672279361,0.75,1214,3586
0.0194988712196497,0.75,1188,3612
0.0196262052232825,0.75,1178,3622
0.0194427913955974,0.75,1161,3639
0.0194542645009471,0.75,1150,3650
0.0196628965293925,0.75,1155,3645
0.0195891196997747,0.75,1154,3646
0.0199039063884080,0.75,1171,3629
0.0209018699602080,0.75,1241,3559
0.0197944964623278,0.75,1223,3577
0.0209524968238869,0.75,1279,3521
0.0208658562756097,0.75,1310,3490
0.0203720549139410,0.75,1303,3497
0.0201812346019170,0.75,1288,3512
0.0208635774097498,0.75,1316,3484
0.0204301746531874,0.75,1311,3489
0.0194289281059764,0.75,1249,3551
0.0193681857170305,0.75,1204,3596
0.0196930612045556,0.75,1193,3607
0.0192823924392946,0.75,1161,3639
0.0198900551794006,0.75,1176,3624
0.0195487058373971,0.75,1165,3635
0.0199245469595435,0.75,1180,3620
0.0199117236086864,0.75,1189,3611
0.0205662338963466,0.75,1234,3566
0.0216602204799831,0.75,1326,3474
0.0218797140546043,0.75,1400,3400
0.0213111660015329,0.75,1418,3382
0.0207546422083865,0.75,1397,3403
0.0203366363737046,0.75,1359,3441
0.0196777128904952,0.75,1296,3504
0.0197082897966531,0.75,1256,3544
0.0196128455660803,0.75,1223,3577
0.0196204698145635,0.75,1201,3599
